date,CPIAUCSL,DGS10,EFFR,SP500,TB3MS,inflation_yoy,d12_effr_pp,rate_direction_regime,rate_level_regime,inflation_regime,joint_regime,ret_sp500_log,ret_tb3m_simple,d_dgs10_pp,has_core_regimes,has_equity_return,has_cash_return
1990-01-01,127.5,8.43,NA,NA,7.64,NA,NA,NA,NA,NA,NA,NA,0.006366666666666666,NA,FALSE,FALSE,TRUE
1990-02-01,128,8.51,NA,NA,7.74,NA,NA,NA,NA,NA,NA,NA,0.00645,0.08000000000000007,FALSE,FALSE,TRUE
1990-03-01,128.6,8.65,NA,NA,7.9,NA,NA,NA,NA,NA,NA,NA,0.006583333333333333,0.14000000000000057,FALSE,FALSE,TRUE
1990-04-01,128.9,9.04,NA,NA,7.77,NA,NA,NA,NA,NA,NA,NA,0.006474999999999999,0.3899999999999988,FALSE,FALSE,TRUE
1990-05-01,129.1,8.6,NA,NA,7.74,NA,NA,NA,NA,NA,NA,NA,0.00645,-0.4399999999999995,FALSE,FALSE,TRUE
1990-06-01,129.9,8.43,NA,NA,7.73,NA,NA,NA,NA,NA,NA,NA,0.006441666666666668,-0.16999999999999993,FALSE,FALSE,TRUE
1990-07-01,130.5,8.36,NA,NA,7.62,NA,NA,NA,NA,NA,NA,NA,0.006350000000000001,-0.07000000000000028,FALSE,FALSE,TRUE
1990-08-01,131.6,8.86,NA,NA,7.45,NA,NA,NA,NA,NA,NA,NA,0.006208333333333333,0.5,FALSE,FALSE,TRUE
1990-09-01,132.5,8.82,NA,NA,7.36,NA,NA,NA,NA,NA,NA,NA,0.0061333333333333335,-0.03999999999999915,FALSE,FALSE,TRUE
1990-10-01,133.4,8.65,NA,NA,7.17,NA,NA,NA,NA,NA,NA,NA,0.005975,-0.16999999999999993,FALSE,FALSE,TRUE
1990-11-01,133.7,8.26,NA,NA,7.06,NA,NA,NA,NA,NA,NA,NA,0.005883333333333333,-0.39000000000000057,FALSE,FALSE,TRUE
1990-12-01,134.2,8.08,NA,NA,6.74,NA,NA,NA,NA,NA,NA,NA,0.0056166666666666665,-0.17999999999999972,FALSE,FALSE,TRUE
1991-01-01,134.7,8.03,NA,NA,6.22,5.647058823529405,NA,NA,NA,High,NA,NA,0.005183333333333333,-0.05000000000000071,FALSE,FALSE,TRUE
1991-02-01,134.8,8.02,NA,NA,5.94,5.312500000000009,NA,NA,NA,High,NA,NA,0.00495,-0.009999999999999787,FALSE,FALSE,TRUE
1991-03-01,134.8,8.05,NA,NA,5.91,4.821150855365497,NA,NA,NA,High,NA,NA,0.004925,0.030000000000001137,FALSE,FALSE,TRUE
1991-04-01,135.1,8.02,NA,NA,5.65,4.809930178432875,NA,NA,NA,High,NA,NA,0.0047083333333333335,-0.030000000000001137,FALSE,FALSE,TRUE
1991-05-01,135.6,8.06,NA,NA,5.46,5.034856700232382,NA,NA,NA,High,NA,NA,0.00455,0.040000000000000924,FALSE,FALSE,TRUE
1991-06-01,136,8.24,NA,NA,5.57,4.6959199384141614,NA,NA,NA,High,NA,NA,0.004641666666666666,0.17999999999999972,FALSE,FALSE,TRUE
1991-07-01,136.2,8.2,NA,NA,5.58,4.367816091954024,NA,NA,NA,High,NA,NA,0.0046500000000000005,-0.040000000000000924,FALSE,FALSE,TRUE
1991-08-01,136.6,7.82,NA,NA,5.33,3.7993920972644313,NA,NA,NA,High,NA,NA,0.004441666666666667,-0.379999999999999,FALSE,FALSE,TRUE
1991-09-01,137,7.47,NA,NA,5.22,3.396226415094339,NA,NA,NA,High,NA,NA,0.00435,-0.35000000000000053,FALSE,FALSE,TRUE
1991-10-01,137.2,7.47,NA,NA,4.99,2.8485757121439192,NA,NA,NA,Moderate,NA,NA,0.004158333333333333,0,FALSE,FALSE,TRUE
1991-11-01,137.8,7.38,NA,NA,4.56,3.0665669409125185,NA,NA,NA,Moderate,NA,NA,0.0037999999999999996,-0.08999999999999986,FALSE,FALSE,TRUE
1991-12-01,138.2,6.71,NA,NA,4.07,2.980625931445613,NA,NA,NA,Moderate,NA,NA,0.0033916666666666665,-0.6699999999999999,FALSE,FALSE,TRUE
1992-01-01,138.3,7.31,NA,NA,3.8,2.672605790645899,NA,NA,NA,Moderate,NA,NA,0.0031666666666666666,0.5999999999999996,FALSE,FALSE,TRUE
1992-02-01,138.6,7.27,NA,NA,3.84,2.8189910979228294,NA,NA,NA,Moderate,NA,NA,0.0031999999999999997,-0.040000000000000036,FALSE,FALSE,TRUE
1992-03-01,139.1,7.54,NA,NA,4.04,3.189910979228472,NA,NA,NA,High,NA,NA,0.0033666666666666667,0.27000000000000046,FALSE,FALSE,TRUE
1992-04-01,139.4,7.61,NA,NA,3.75,3.1828275351591495,NA,NA,NA,High,NA,NA,0.0031249999999999997,0.07000000000000028,FALSE,FALSE,TRUE
1992-05-01,139.7,7.33,NA,NA,3.63,3.0235988200590036,NA,NA,NA,Moderate,NA,NA,0.003025,-0.28000000000000025,FALSE,FALSE,TRUE
1992-06-01,140.1,7.14,NA,NA,3.66,3.0147058823529305,NA,NA,NA,Moderate,NA,NA,0.00305,-0.1900000000000004,FALSE,FALSE,TRUE
1992-07-01,140.5,6.72,NA,NA,3.21,3.1571218795888534,NA,NA,NA,Moderate,NA,NA,0.002675,-0.41999999999999993,FALSE,FALSE,TRUE
1992-08-01,140.8,6.62,NA,NA,3.13,3.0746705710102518,NA,NA,NA,Moderate,NA,NA,0.0026083333333333336,-0.09999999999999964,FALSE,FALSE,TRUE
1992-09-01,141.1,6.37,NA,NA,2.91,2.9927007299270114,NA,NA,NA,Moderate,NA,NA,0.002425,-0.25,FALSE,FALSE,TRUE
1992-10-01,141.7,6.8,NA,NA,2.86,3.279883381924198,NA,NA,NA,High,NA,NA,0.0023833333333333332,0.4299999999999997,FALSE,FALSE,TRUE
1992-11-01,142.1,6.95,NA,NA,3.13,3.1204644412191396,NA,NA,NA,Moderate,NA,NA,0.0026083333333333336,0.15000000000000036,FALSE,FALSE,TRUE
1992-12-01,142.3,6.7,NA,NA,3.22,2.966714905933454,NA,NA,NA,Moderate,NA,NA,0.002683333333333333,-0.25,FALSE,FALSE,TRUE
1993-01-01,142.8,6.39,NA,NA,3,3.2537960954446943,NA,NA,NA,High,NA,NA,0.0025,-0.3100000000000005,FALSE,FALSE,TRUE
1993-02-01,143.1,6.03,NA,NA,2.93,3.2467532467532534,NA,NA,NA,High,NA,NA,0.002441666666666667,-0.35999999999999943,FALSE,FALSE,TRUE
1993-03-01,143.3,6.03,NA,NA,2.95,3.0194104960460155,NA,NA,NA,Moderate,NA,NA,0.0024583333333333336,0,FALSE,FALSE,TRUE
1993-04-01,143.8,6.05,NA,NA,2.87,3.1563845050215145,NA,NA,NA,Moderate,NA,NA,0.0023916666666666665,0.019999999999999574,FALSE,FALSE,TRUE
1993-05-01,144.2,6.16,NA,NA,2.96,3.2211882605583497,NA,NA,NA,High,NA,NA,0.002466666666666667,0.11000000000000032,FALSE,FALSE,TRUE
1993-06-01,144.3,5.8,NA,NA,3.07,2.9978586723768963,NA,NA,NA,Moderate,NA,NA,0.002558333333333333,-0.3600000000000003,FALSE,FALSE,TRUE
1993-07-01,144.5,5.83,NA,NA,3.04,2.8469750889679624,NA,NA,NA,Moderate,NA,NA,0.002533333333333333,0.03000000000000025,FALSE,FALSE,TRUE
1993-08-01,144.8,5.45,NA,NA,3.02,2.840909090909083,NA,NA,NA,Moderate,NA,NA,0.0025166666666666666,-0.3799999999999999,FALSE,FALSE,TRUE
1993-09-01,145,5.4,NA,NA,2.95,2.7639971651311157,NA,NA,NA,Moderate,NA,NA,0.0024583333333333336,-0.04999999999999982,FALSE,FALSE,TRUE
1993-10-01,145.6,5.43,NA,NA,3.02,2.752293577981657,NA,NA,NA,Moderate,NA,NA,0.0025166666666666666,0.02999999999999936,FALSE,FALSE,TRUE
1993-11-01,146,5.83,NA,NA,3.1,2.7445460942997935,NA,NA,NA,Moderate,NA,NA,0.0025833333333333333,0.40000000000000036,FALSE,FALSE,TRUE
1993-12-01,146.3,5.83,NA,NA,3.06,2.8109627547435068,NA,NA,NA,Moderate,NA,NA,0.00255,0,FALSE,FALSE,TRUE
1994-01-01,146.3,5.7,NA,NA,2.98,2.450980392156854,NA,NA,NA,Moderate,NA,NA,0.0024833333333333335,-0.1299999999999999,FALSE,FALSE,TRUE
1994-02-01,146.7,6.15,NA,NA,3.25,2.515723270440251,NA,NA,NA,Moderate,NA,NA,0.0027083333333333334,0.4500000000000002,FALSE,FALSE,TRUE
1994-03-01,147.1,6.77,NA,NA,3.5,2.6517794836008246,NA,NA,NA,Moderate,NA,NA,0.002916666666666667,0.6199999999999992,FALSE,FALSE,TRUE
1994-04-01,147.2,7.06,NA,NA,3.68,2.364394993045882,NA,NA,NA,Moderate,NA,NA,0.0030666666666666668,0.29000000000000004,FALSE,FALSE,TRUE
1994-05-01,147.5,7.17,NA,NA,4.14,2.288488210818307,NA,NA,NA,Moderate,NA,NA,0.00345,0.11000000000000032,FALSE,FALSE,TRUE
1994-06-01,147.9,7.34,NA,NA,4.14,2.494802494802495,NA,NA,NA,Moderate,NA,NA,0.00345,0.16999999999999993,FALSE,FALSE,TRUE
1994-07-01,148.4,7.12,NA,NA,4.33,2.69896193771626,NA,NA,NA,Moderate,NA,NA,0.003608333333333333,-0.21999999999999975,FALSE,FALSE,TRUE
1994-08-01,149,7.19,NA,NA,4.48,2.900552486187835,NA,NA,NA,Moderate,NA,NA,0.0037333333333333337,0.07000000000000028,FALSE,FALSE,TRUE
1994-09-01,149.3,7.62,NA,NA,4.62,2.965517241379323,NA,NA,NA,Moderate,NA,NA,0.0038499999999999997,0.4299999999999997,FALSE,FALSE,TRUE
1994-10-01,149.4,7.81,NA,NA,4.95,2.609890109890123,NA,NA,NA,Moderate,NA,NA,0.004125,0.1899999999999995,FALSE,FALSE,TRUE
1994-11-01,149.8,7.91,NA,NA,5.29,2.6027397260274032,NA,NA,NA,Moderate,NA,NA,0.0044083333333333335,0.10000000000000053,FALSE,FALSE,TRUE
1994-12-01,150.1,7.84,NA,NA,5.6,2.597402597402576,NA,NA,NA,Moderate,NA,NA,0.004666666666666666,-0.07000000000000028,FALSE,FALSE,TRUE
1995-01-01,150.5,7.6,NA,NA,5.71,2.8708133971291794,NA,NA,NA,Moderate,NA,NA,0.004758333333333333,-0.2400000000000002,FALSE,FALSE,TRUE
1995-02-01,150.9,7.22,NA,NA,5.77,2.862985685071595,NA,NA,NA,Moderate,NA,NA,0.004808333333333333,-0.3799999999999999,FALSE,FALSE,TRUE
1995-03-01,151.2,7.2,NA,NA,5.73,2.7872195785180187,NA,NA,NA,Moderate,NA,NA,0.004775000000000001,-0.019999999999999574,FALSE,FALSE,TRUE
1995-04-01,151.8,7.07,NA,NA,5.65,3.125000000000022,NA,NA,NA,Moderate,NA,NA,0.0047083333333333335,-0.1299999999999999,FALSE,FALSE,TRUE
1995-05-01,152.1,6.3,NA,NA,5.67,3.1186440677966054,NA,NA,NA,Moderate,NA,NA,0.004725,-0.7700000000000005,FALSE,FALSE,TRUE
1995-06-01,152.4,6.21,NA,NA,5.47,3.0425963488843744,NA,NA,NA,Moderate,NA,NA,0.0045583333333333335,-0.08999999999999986,FALSE,FALSE,TRUE
1995-07-01,152.6,6.45,NA,NA,5.42,2.8301886792452713,NA,NA,NA,Moderate,NA,NA,0.004516666666666666,0.2400000000000002,FALSE,FALSE,TRUE
1995-08-01,152.9,6.28,NA,NA,5.4,2.6174496644295386,NA,NA,NA,Moderate,NA,NA,0.0045000000000000005,-0.16999999999999993,FALSE,FALSE,TRUE
1995-09-01,153.1,6.17,NA,NA,5.28,2.54521098459477,NA,NA,NA,Moderate,NA,NA,0.0044,-0.11000000000000032,FALSE,FALSE,TRUE
1995-10-01,153.5,6.03,NA,NA,5.28,2.7443105756358666,NA,NA,NA,Moderate,NA,NA,0.0044,-0.13999999999999968,FALSE,FALSE,TRUE
1995-11-01,153.7,5.76,NA,NA,5.36,2.603471295060067,NA,NA,NA,Moderate,NA,NA,0.0044666666666666665,-0.27000000000000046,FALSE,FALSE,TRUE
1995-12-01,153.9,5.58,NA,NA,5.14,2.5316455696202667,NA,NA,NA,Moderate,NA,NA,0.004283333333333333,-0.17999999999999972,FALSE,FALSE,TRUE
1996-01-01,154.7,5.6,NA,NA,5,2.7906976744185963,NA,NA,NA,Moderate,NA,NA,0.004166666666666667,0.019999999999999574,FALSE,FALSE,TRUE
1996-02-01,155,6.13,NA,NA,4.83,2.717031146454607,NA,NA,NA,Moderate,NA,NA,0.004025,0.5300000000000002,FALSE,FALSE,TRUE
1996-03-01,155.5,6.34,NA,NA,4.96,2.8439153439153486,NA,NA,NA,Moderate,NA,NA,0.0041333333333333335,0.20999999999999996,FALSE,FALSE,TRUE
1996-04-01,156.1,6.66,NA,NA,4.95,2.832674571805005,NA,NA,NA,Moderate,NA,NA,0.004125,0.3200000000000003,FALSE,FALSE,TRUE
1996-05-01,156.4,6.85,NA,NA,5.02,2.827087442472065,NA,NA,NA,Moderate,NA,NA,0.004183333333333333,0.1899999999999995,FALSE,FALSE,TRUE
1996-06-01,156.7,6.73,NA,NA,5.09,2.8215223097112663,NA,NA,NA,Moderate,NA,NA,0.004241666666666667,-0.11999999999999922,FALSE,FALSE,TRUE
1996-07-01,157,6.8,NA,NA,5.15,2.8833551769331667,NA,NA,NA,Moderate,NA,NA,0.004291666666666667,0.0699999999999994,FALSE,FALSE,TRUE
1996-08-01,157.2,6.96,NA,NA,5.05,2.8122956180510084,NA,NA,NA,Moderate,NA,NA,0.004208333333333333,0.16000000000000014,FALSE,FALSE,TRUE
1996-09-01,157.7,6.72,NA,NA,5.09,3.0045721750489918,NA,NA,NA,Moderate,NA,NA,0.004241666666666667,-0.2400000000000002,FALSE,FALSE,TRUE
1996-10-01,158.2,6.37,NA,NA,4.99,3.0618892508143203,NA,NA,NA,Moderate,NA,NA,0.004158333333333333,-0.34999999999999964,FALSE,FALSE,TRUE
1996-11-01,158.7,6.06,NA,NA,5.03,3.2530904359141077,NA,NA,NA,High,NA,NA,0.004191666666666667,-0.3100000000000005,FALSE,FALSE,TRUE
1996-12-01,159.1,6.43,NA,NA,4.91,3.378817413905133,NA,NA,NA,High,NA,NA,0.004091666666666667,0.3700000000000001,FALSE,FALSE,TRUE
1997-01-01,159.4,6.53,NA,NA,5.03,3.0381383322559907,NA,NA,NA,Moderate,NA,NA,0.004191666666666667,0.10000000000000053,FALSE,FALSE,TRUE
1997-02-01,159.7,6.56,NA,NA,5.01,3.0322580645161246,NA,NA,NA,Moderate,NA,NA,0.004175,0.02999999999999936,FALSE,FALSE,TRUE
1997-03-01,159.8,6.92,NA,NA,5.14,2.7652733118971096,NA,NA,NA,Moderate,NA,NA,0.004283333333333333,0.3600000000000003,FALSE,FALSE,TRUE
1997-04-01,159.9,6.72,NA,NA,5.16,2.434336963484962,NA,NA,NA,Moderate,NA,NA,0.0043,-0.20000000000000018,FALSE,FALSE,TRUE
1997-05-01,159.9,6.67,NA,NA,5.05,2.237851662404089,NA,NA,NA,Moderate,NA,NA,0.004208333333333333,-0.04999999999999982,FALSE,FALSE,TRUE
1997-06-01,160.2,6.51,NA,NA,4.93,2.233567326100827,NA,NA,NA,Moderate,NA,NA,0.004108333333333333,-0.16000000000000014,FALSE,FALSE,TRUE
1997-07-01,160.4,6.02,NA,NA,5.05,2.165605095541401,NA,NA,NA,Moderate,NA,NA,0.004208333333333333,-0.4900000000000002,FALSE,FALSE,TRUE
1997-08-01,160.8,6.34,NA,NA,5.14,2.2900763358778775,NA,NA,NA,Moderate,NA,NA,0.004283333333333333,0.3200000000000003,FALSE,FALSE,TRUE
1997-09-01,161.2,6.12,NA,NA,4.95,2.21940393151554,NA,NA,NA,Moderate,NA,NA,0.004125,-0.21999999999999975,FALSE,FALSE,TRUE
1997-10-01,161.5,5.84,NA,NA,4.97,2.0859671302149163,NA,NA,NA,Moderate,NA,NA,0.004141666666666666,-0.28000000000000025,FALSE,FALSE,TRUE
1997-11-01,161.7,5.86,NA,NA,5.14,1.8903591682419618,NA,NA,NA,Moderate,NA,NA,0.004283333333333333,0.020000000000000462,FALSE,FALSE,TRUE
1997-12-01,161.8,5.75,NA,NA,5.16,1.6970458830924073,NA,NA,NA,Low,NA,NA,0.0043,-0.11000000000000032,FALSE,FALSE,TRUE
1998-01-01,162,5.53,NA,NA,5.04,1.6311166875784044,NA,NA,NA,Low,NA,NA,0.0042,-0.21999999999999975,FALSE,FALSE,TRUE
1998-02-01,162,5.62,NA,NA,5.09,1.440200375704448,NA,NA,NA,Low,NA,NA,0.004241666666666667,0.08999999999999986,FALSE,FALSE,TRUE
1998-03-01,162,5.67,NA,NA,5.03,1.3767209011263937,NA,NA,NA,Low,NA,NA,0.004191666666666667,0.04999999999999982,FALSE,FALSE,TRUE
1998-04-01,162.2,5.68,NA,NA,4.95,1.4383989993745905,NA,NA,NA,Low,NA,NA,0.004125,0.009999999999999787,FALSE,FALSE,TRUE
1998-05-01,162.6,5.56,NA,NA,5,1.6885553470919357,NA,NA,NA,Low,NA,NA,0.004166666666666667,-0.1200000000000001,FALSE,FALSE,TRUE
1998-06-01,162.8,5.44,NA,NA,4.98,1.6229712858926382,NA,NA,NA,Low,NA,NA,0.00415,-0.11999999999999922,FALSE,FALSE,TRUE
1998-07-01,163.2,5.5,NA,NA,4.96,1.74563591022443,NA,NA,NA,Moderate,NA,NA,0.0041333333333333335,0.05999999999999961,FALSE,FALSE,TRUE
1998-08-01,163.4,5.05,NA,NA,4.9,1.6169154228855787,NA,NA,NA,Low,NA,NA,0.004083333333333334,-0.4500000000000002,FALSE,FALSE,TRUE
1998-09-01,163.5,4.44,NA,NA,4.61,1.4267990074441794,NA,NA,NA,Low,NA,NA,0.003841666666666667,-0.6099999999999994,FALSE,FALSE,TRUE
1998-10-01,163.9,4.64,NA,NA,3.96,1.4860681114551078,NA,NA,NA,Low,NA,NA,0.0032999999999999995,0.1999999999999993,FALSE,FALSE,TRUE
1998-11-01,164.1,4.74,NA,NA,4.41,1.4842300556586308,NA,NA,NA,Low,NA,NA,0.003675,0.10000000000000053,FALSE,FALSE,TRUE
1998-12-01,164.4,4.65,NA,NA,4.39,1.606922126081578,NA,NA,NA,Low,NA,NA,0.003658333333333333,-0.08999999999999986,FALSE,FALSE,TRUE
1999-01-01,164.7,4.66,NA,NA,4.34,1.6666666666666607,NA,NA,NA,Low,NA,NA,0.003616666666666667,0.009999999999999787,FALSE,FALSE,TRUE
1999-02-01,164.7,5.29,NA,NA,4.44,1.6666666666666607,NA,NA,NA,Low,NA,NA,0.0037,0.6299999999999999,FALSE,FALSE,TRUE
1999-03-01,164.8,5.25,NA,NA,4.44,1.7283950617283939,NA,NA,NA,Moderate,NA,NA,0.0037,-0.040000000000000036,FALSE,FALSE,TRUE
1999-04-01,165.9,5.36,NA,NA,4.29,2.281134401972884,NA,NA,NA,Moderate,NA,NA,0.003575,0.11000000000000032,FALSE,FALSE,TRUE
1999-05-01,166,5.64,NA,NA,4.5,2.091020910209096,NA,NA,NA,Moderate,NA,NA,0.00375,0.27999999999999936,FALSE,FALSE,TRUE
1999-06-01,166,5.81,NA,NA,4.57,1.9656019656019597,NA,NA,NA,Moderate,NA,NA,0.0038083333333333337,0.16999999999999993,FALSE,FALSE,TRUE
1999-07-01,166.7,5.92,NA,NA,4.55,2.1446078431372584,NA,NA,NA,Moderate,NA,NA,0.0037916666666666667,0.11000000000000032,FALSE,FALSE,TRUE
1999-08-01,167.1,5.98,NA,NA,4.72,2.2643818849449104,NA,NA,NA,Moderate,NA,NA,0.003933333333333333,0.0600000000000005,FALSE,FALSE,TRUE
1999-09-01,167.8,5.9,NA,NA,4.68,2.629969418960254,NA,NA,NA,Moderate,NA,NA,0.0038999999999999994,-0.08000000000000007,FALSE,FALSE,TRUE
1999-10-01,168.1,6.02,NA,NA,4.86,2.56253813300793,NA,NA,NA,Moderate,NA,NA,0.004050000000000001,0.11999999999999922,FALSE,FALSE,TRUE
1999-11-01,168.4,6.18,NA,NA,5.07,2.6203534430225606,NA,NA,NA,Moderate,NA,NA,0.0042250000000000005,0.16000000000000014,FALSE,FALSE,TRUE
1999-12-01,168.8,6.45,NA,NA,5.2,2.676399026763998,NA,NA,NA,Moderate,NA,NA,0.004333333333333334,0.27000000000000046,FALSE,FALSE,TRUE
2000-01-01,169.3,6.68,NA,NA,5.32,2.792956891317555,NA,NA,NA,Moderate,NA,NA,0.004433333333333333,0.22999999999999954,FALSE,FALSE,TRUE
2000-02-01,170,6.42,NA,NA,5.55,3.2179720704310855,NA,NA,NA,High,NA,NA,0.004625,-0.2599999999999998,FALSE,FALSE,TRUE
2000-03-01,171,6.03,NA,NA,5.69,3.762135922330101,NA,NA,NA,High,NA,NA,0.0047416666666666675,-0.3899999999999997,FALSE,FALSE,TRUE
2000-04-01,170.9,6.23,NA,NA,5.66,3.013863773357439,NA,NA,NA,Moderate,NA,NA,0.004716666666666667,0.20000000000000018,FALSE,FALSE,TRUE
2000-05-01,171.2,6.29,NA,NA,5.79,3.1325301204819134,NA,NA,NA,Moderate,NA,NA,0.004825,0.05999999999999961,FALSE,FALSE,TRUE
2000-06-01,172.2,6.03,NA,NA,5.69,3.7349397590361377,NA,NA,NA,High,NA,NA,0.0047416666666666675,-0.2599999999999998,FALSE,FALSE,TRUE
2000-07-01,172.7,6.04,6.64,NA,5.96,3.5992801439711952,NA,NA,High,High,NA,NA,0.004966666666666667,0.009999999999999787,FALSE,FALSE,TRUE
2000-08-01,172.7,5.73,6.65,NA,6.09,3.3512866546977715,NA,NA,High,High,NA,NA,0.005075,-0.3099999999999996,FALSE,FALSE,TRUE
2000-09-01,173.6,5.8,6.6,NA,6,3.45649582836709,NA,NA,High,High,NA,NA,0.005,0.0699999999999994,FALSE,FALSE,TRUE
2000-10-01,173.9,5.77,6.59,NA,6.11,3.4503271861986873,NA,NA,High,High,NA,NA,0.005091666666666667,-0.03000000000000025,FALSE,FALSE,TRUE
2000-11-01,174.2,5.48,6.62,NA,6.17,3.444180522565321,NA,NA,High,High,NA,NA,0.005141666666666667,-0.28999999999999915,FALSE,FALSE,TRUE
2000-12-01,174.6,5.12,5.41,NA,5.77,3.4360189573459543,NA,NA,High,High,NA,NA,0.004808333333333333,-0.3600000000000003,FALSE,FALSE,TRUE
2001-01-01,175.6,5.19,5.74,NA,5.15,3.7212049616065945,NA,NA,High,High,NA,NA,0.004291666666666667,0.07000000000000028,FALSE,FALSE,TRUE
2001-02-01,176,4.92,5.59,NA,4.88,3.529411764705892,NA,NA,High,High,NA,NA,0.004066666666666666,-0.27000000000000046,FALSE,FALSE,TRUE
2001-03-01,176.1,4.93,5.29,NA,4.42,2.9824561403508643,NA,NA,High,Moderate,NA,NA,0.003683333333333333,0.009999999999999787,FALSE,FALSE,TRUE
2001-04-01,176.4,5.35,4.67,NA,3.87,3.2182562902282053,NA,NA,High,High,NA,NA,0.003225,0.41999999999999993,FALSE,FALSE,TRUE
2001-05-01,177.3,5.43,4.24,NA,3.62,3.5630841121495394,NA,NA,High,High,NA,NA,0.003016666666666667,0.08000000000000007,FALSE,FALSE,TRUE
2001-06-01,177.7,5.42,3.95,NA,3.49,3.193960511033689,NA,NA,High,High,NA,NA,0.0029083333333333335,-0.009999999999999787,FALSE,FALSE,TRUE
2001-07-01,177.4,5.07,3.82,NA,3.51,2.7214823393167498,-2.82,Falling,High,Moderate,Moderate + Falling,NA,0.002925,-0.34999999999999964,TRUE,FALSE,TRUE
2001-08-01,177.4,4.85,3.66,NA,3.36,2.7214823393167498,-2.99,Falling,Mid,Moderate,Moderate + Falling,NA,0.0028,-0.22000000000000064,TRUE,FALSE,TRUE
2001-09-01,178.1,4.6,2.75,NA,2.64,2.5921658986175045,-3.8499999999999996,Falling,Mid,Moderate,Moderate + Falling,NA,0.0022,-0.25,TRUE,FALSE,TRUE
2001-10-01,177.6,4.3,2.66,NA,2.16,2.127659574468077,-3.9299999999999997,Falling,Mid,Moderate,Moderate + Falling,NA,0.0018000000000000002,-0.2999999999999998,TRUE,FALSE,TRUE
2001-11-01,177.5,4.78,2.06,NA,1.87,1.894374282433997,-4.5600000000000005,Falling,Mid,Moderate,Moderate + Falling,NA,0.0015583333333333334,0.4800000000000004,TRUE,FALSE,TRUE
2001-12-01,177.4,5.07,1.52,NA,1.69,1.603665521191311,-3.89,Falling,Mid,Low,Low + Falling,NA,0.0014083333333333333,0.29000000000000004,TRUE,FALSE,TRUE
2002-01-01,177.7,5.07,1.85,NA,1.65,1.1958997722095743,-3.89,Falling,Mid,Low,Low + Falling,NA,0.0013750000000000001,0,TRUE,FALSE,TRUE
2002-02-01,178,4.88,1.83,NA,1.72,1.1363636363636465,-3.76,Falling,Mid,Low,Low + Falling,NA,0.0014333333333333333,-0.1900000000000004,TRUE,FALSE,TRUE
2002-03-01,178.5,5.42,1.74,NA,1.79,1.3628620102214661,-3.55,Falling,Mid,Low,Low + Falling,NA,0.0014916666666666665,0.54,TRUE,FALSE,TRUE
2002-04-01,179.3,5.11,1.82,NA,1.71,1.643990929705219,-2.8499999999999996,Falling,Mid,Low,Low + Falling,NA,0.001425,-0.3099999999999996,TRUE,FALSE,TRUE
2002-05-01,179.5,5.08,1.79,NA,1.73,1.2408347433727984,-2.45,Falling,Mid,Low,Low + Falling,NA,0.0014416666666666666,-0.03000000000000025,TRUE,FALSE,TRUE
2002-06-01,179.6,4.86,1.73,NA,1.7,1.0692177827799743,-2.22,Falling,Mid,Low,Low + Falling,NA,0.0014166666666666668,-0.21999999999999975,TRUE,FALSE,TRUE
2002-07-01,180,4.51,1.76,NA,1.68,1.465614430665152,-2.0599999999999996,Falling,Mid,Low,Low + Falling,NA,0.0014,-0.35000000000000053,TRUE,FALSE,TRUE
2002-08-01,180.5,4.14,1.81,NA,1.62,1.747463359639223,-1.85,Falling,Mid,Moderate,Moderate + Falling,NA,0.0013500000000000003,-0.3700000000000001,TRUE,FALSE,TRUE
2002-09-01,180.8,3.63,1.85,NA,1.63,1.516002245929271,-0.8999999999999999,Falling,Mid,Low,Low + Falling,NA,0.0013583333333333331,-0.5099999999999998,TRUE,FALSE,TRUE
2002-10-01,181.2,3.93,1.82,NA,1.58,2.0270270270270174,-0.8400000000000001,Falling,Mid,Moderate,Moderate + Falling,NA,0.0013166666666666667,0.30000000000000027,TRUE,FALSE,TRUE
2002-11-01,181.5,4.22,1.23,NA,1.23,2.2535211267605604,-0.8300000000000001,Falling,Mid,Moderate,Moderate + Falling,NA,0.001025,0.2899999999999996,TRUE,FALSE,TRUE
2002-12-01,181.8,3.83,1.16,NA,1.19,2.4802705749718212,-0.3600000000000001,Falling,Mid,Moderate,Moderate + Falling,NA,9.916666666666665e-4,-0.3899999999999997,TRUE,FALSE,TRUE
2003-01-01,182.6,4,1.33,NA,1.17,2.757456387169399,-0.52,Falling,Mid,Moderate,Moderate + Falling,NA,9.749999999999998e-4,0.16999999999999993,TRUE,FALSE,TRUE
2003-02-01,183.6,3.71,1.33,NA,1.17,3.146067415730336,-0.5,Falling,Mid,Moderate,Moderate + Falling,NA,9.749999999999998e-4,-0.29000000000000004,TRUE,FALSE,TRUE
2003-03-01,183.9,3.83,1.38,NA,1.13,3.025210084033625,-0.3600000000000001,Falling,Mid,Moderate,Moderate + Falling,NA,9.416666666666666e-4,0.1200000000000001,TRUE,FALSE,TRUE
2003-04-01,183.2,3.89,1.31,NA,1.13,2.175125488008911,-0.51,Falling,Mid,Moderate,Moderate + Falling,NA,9.416666666666666e-4,0.06000000000000005,TRUE,FALSE,TRUE
2003-05-01,182.9,3.37,1.28,NA,1.07,1.8941504178273005,-0.51,Falling,Mid,Moderate,Moderate + Falling,NA,8.916666666666668e-4,-0.52,TRUE,FALSE,TRUE
2003-06-01,183.1,3.54,1.45,NA,0.92,1.948775055679297,-0.28,Falling,Mid,Moderate,Moderate + Falling,NA,7.666666666666667e-4,0.16999999999999993,TRUE,FALSE,TRUE
2003-07-01,183.7,4.49,1.04,NA,0.9,2.055555555555544,-0.72,Falling,Mid,Moderate,Moderate + Falling,NA,7.500000000000001e-4,0.9500000000000002,TRUE,FALSE,TRUE
2003-08-01,184.5,4.45,1.01,NA,0.95,2.216066481994461,-0.8,Falling,Mid,Moderate,Moderate + Falling,NA,7.916666666666666e-4,-0.040000000000000036,TRUE,FALSE,TRUE
2003-09-01,185.1,3.96,1.17,NA,0.94,2.378318584070782,-0.6800000000000002,Falling,Mid,Moderate,Moderate + Falling,NA,7.833333333333333e-4,-0.4900000000000002,TRUE,FALSE,TRUE
2003-10-01,184.9,4.33,0.97,NA,0.92,2.041942604856528,-0.8500000000000001,Falling,Mid,Moderate,Moderate + Falling,NA,7.666666666666667e-4,0.3700000000000001,TRUE,FALSE,TRUE
2003-11-01,185,4.34,1.01,NA,0.93,1.9283746556473913,-0.21999999999999997,Stable,Mid,Moderate,Moderate + Stable,NA,7.750000000000001e-4,0.009999999999999787,TRUE,FALSE,TRUE
2003-12-01,185.5,4.27,0.94,NA,0.9,2.0352035203520247,-0.21999999999999997,Stable,Mid,Moderate,Moderate + Stable,NA,7.500000000000001e-4,-0.07000000000000028,TRUE,FALSE,TRUE
2004-01-01,186.3,4.16,1.03,NA,0.88,2.026286966046009,-0.30000000000000004,Falling,Mid,Moderate,Moderate + Falling,NA,7.333333333333333e-4,-0.10999999999999943,TRUE,FALSE,TRUE
2004-02-01,186.7,3.99,1.04,NA,0.93,1.688453159041381,-0.29000000000000004,Falling,Mid,Low,Low + Falling,NA,7.750000000000001e-4,-0.16999999999999993,TRUE,FALSE,TRUE
2004-03-01,187.1,3.86,1.05,NA,0.94,1.7400761283306032,-0.32999999999999985,Falling,Mid,Moderate,Moderate + Falling,NA,7.833333333333333e-4,-0.13000000000000034,TRUE,FALSE,TRUE
2004-04-01,187.4,4.53,1.03,NA,0.94,2.2925764192139875,-0.28,Falling,Mid,Moderate,Moderate + Falling,NA,7.833333333333333e-4,0.6700000000000004,TRUE,FALSE,TRUE
2004-05-01,188.2,4.66,1.02,NA,1.02,2.8977583378895444,-0.26,Falling,Mid,Moderate,Moderate + Falling,NA,8.500000000000001e-4,0.1299999999999999,TRUE,FALSE,TRUE
2004-06-01,188.9,4.62,1.38,NA,1.27,3.1676679410158393,-0.07000000000000006,Stable,Mid,High,High + Stable,NA,0.0010583333333333332,-0.040000000000000036,TRUE,FALSE,TRUE
2004-07-01,189.1,4.5,1.29,NA,1.33,2.939575394665228,0.25,Stable,Mid,Moderate,Moderate + Stable,NA,0.0011083333333333333,-0.1200000000000001,TRUE,FALSE,TRUE
2004-08-01,189.2,4.13,1.55,NA,1.48,2.5474254742547275,0.54,Rising,Mid,Moderate,Moderate + Rising,NA,0.0012333333333333335,-0.3700000000000001,TRUE,FALSE,TRUE
2004-09-01,189.8,4.14,1.94,NA,1.65,2.5391680172879516,0.77,Rising,Mid,Moderate,Moderate + Rising,NA,0.0013750000000000001,0.009999999999999787,TRUE,FALSE,TRUE
2004-10-01,190.8,4.05,1.79,NA,1.76,3.1909140075716547,0.8200000000000001,Rising,Mid,High,High + Rising,NA,0.0014666666666666667,-0.08999999999999986,TRUE,FALSE,TRUE
2004-11-01,191.7,4.36,2.02,NA,2.07,3.621621621621607,1.01,Rising,Mid,High,High + Rising,NA,0.001725,0.3100000000000005,TRUE,FALSE,TRUE
2004-12-01,191.7,4.24,1.97,NA,2.19,3.3423180592991875,1.03,Rising,Mid,High,High + Rising,NA,0.001825,-0.1200000000000001,TRUE,FALSE,TRUE
2005-01-01,191.6,4.14,2.5,NA,2.33,2.8448738593666034,1.47,Rising,Mid,Moderate,Moderate + Rising,NA,0.0019416666666666668,-0.10000000000000053,TRUE,FALSE,TRUE
2005-02-01,192.4,4.36,2.52,NA,2.54,3.0530262453133394,1.48,Rising,Mid,Moderate,Moderate + Rising,NA,0.0021166666666666664,0.22000000000000064,TRUE,FALSE,TRUE
2005-03-01,193.1,4.5,2.96,NA,2.74,3.2068412613575736,1.91,Rising,Mid,High,High + Rising,NA,0.0022833333333333334,0.13999999999999968,TRUE,FALSE,TRUE
2005-04-01,193.7,4.21,2.97,NA,2.78,3.3617929562433257,1.9400000000000002,Rising,Mid,High,High + Rising,NA,0.0023166666666666665,-0.29000000000000004,TRUE,FALSE,TRUE
2005-05-01,193.6,4,3.09,NA,2.84,2.869287991498415,2.07,Rising,Mid,Moderate,Moderate + Rising,NA,0.0023666666666666667,-0.20999999999999996,TRUE,FALSE,TRUE
2005-06-01,193.7,3.94,3.35,NA,2.97,2.541026998411855,1.9700000000000002,Rising,Mid,Moderate,Moderate + Rising,NA,0.002475,-0.06000000000000005,TRUE,FALSE,TRUE
2005-07-01,194.9,4.28,3.31,NA,3.22,3.067160232681121,2.02,Rising,Mid,Moderate,Moderate + Rising,NA,0.002683333333333333,0.3400000000000003,TRUE,FALSE,TRUE
2005-08-01,196.1,4.02,3.63,NA,3.44,3.6469344608879517,2.08,Rising,Mid,High,High + Rising,NA,0.0028666666666666667,-0.2600000000000007,TRUE,FALSE,TRUE
2005-09-01,198.8,4.34,3.93,NA,3.42,4.741833508956805,1.9900000000000002,Rising,High,High,High + Rising,NA,0.00285,0.3200000000000003,TRUE,FALSE,TRUE
2005-10-01,199.1,4.57,4.02,NA,3.71,4.350104821802936,2.2299999999999995,Rising,High,High,High + Rising,NA,0.0030916666666666666,0.23000000000000043,TRUE,FALSE,TRUE
2005-11-01,198.1,4.49,4.03,NA,3.88,3.3385498174230532,2.0100000000000002,Rising,High,High,High + Rising,NA,0.0032333333333333333,-0.08000000000000007,TRUE,FALSE,TRUE
2005-12-01,198.1,4.39,4.09,NA,3.89,3.3385498174230532,2.12,Rising,High,High,High + Rising,NA,0.003241666666666667,-0.10000000000000053,TRUE,FALSE,TRUE
2006-01-01,199.3,4.53,4.47,NA,4.24,4.018789144050117,1.9699999999999998,Rising,High,High,High + Rising,NA,0.003533333333333333,0.14000000000000057,TRUE,FALSE,TRUE
2006-02-01,199.4,4.55,4.52,NA,4.43,3.63825363825363,1.9999999999999996,Rising,High,High,High + Rising,NA,0.0036916666666666664,0.019999999999999574,TRUE,FALSE,TRUE
2006-03-01,199.7,4.86,5,NA,4.51,3.4179181771103018,2.04,Rising,High,High,High + Rising,NA,0.0037583333333333336,0.3100000000000005,TRUE,FALSE,TRUE
2006-04-01,200.7,5.07,4.86,NA,4.6,3.613835828600931,1.8900000000000001,Rising,High,High,High + Rising,NA,0.003833333333333333,0.20999999999999996,TRUE,FALSE,TRUE
2006-05-01,201.3,5.12,5.05,NA,4.72,3.9772727272727293,1.96,Rising,High,High,High + Rising,NA,0.003933333333333333,0.04999999999999982,TRUE,FALSE,TRUE
2006-06-01,201.8,5.15,5.05,NA,4.79,4.1817243159525175,1.6999999999999997,Rising,High,High,High + Rising,NA,0.003991666666666667,0.03000000000000025,TRUE,FALSE,TRUE
2006-07-01,202.9,4.99,5.31,NA,4.95,4.104669061056954,1.9999999999999996,Rising,High,High,High + Rising,NA,0.004125,-0.16000000000000014,TRUE,FALSE,TRUE
2006-08-01,203.8,4.74,5.31,NA,4.96,3.926568077511483,1.6799999999999997,Rising,High,High,High + Rising,NA,0.0041333333333333335,-0.25,TRUE,FALSE,TRUE
2006-09-01,202.8,4.64,5.34,NA,4.81,2.012072434607637,1.4099999999999997,Rising,High,Moderate,Moderate + Rising,NA,0.004008333333333333,-0.10000000000000053,TRUE,FALSE,TRUE
2006-10-01,201.9,4.61,5.31,NA,4.92,1.4063284781516971,1.29,Rising,High,Low,Low + Rising,NA,0.0041,-0.02999999999999936,TRUE,FALSE,TRUE
2006-11-01,202,4.46,5.31,NA,4.94,1.9687026754164672,1.2799999999999994,Rising,High,Moderate,Moderate + Rising,NA,0.004116666666666667,-0.15000000000000036,TRUE,FALSE,TRUE
2006-12-01,203.1,4.71,5.17,NA,4.85,2.5239777889954462,1.08,Rising,High,Moderate,Moderate + Rising,NA,0.0040416666666666665,0.25,TRUE,FALSE,TRUE
2007-01-01,203.437,4.83,5.33,NA,4.98,2.075765178123423,0.8600000000000003,Rising,High,Moderate,Moderate + Rising,NA,0.00415,0.1200000000000001,TRUE,FALSE,TRUE
2007-02-01,204.226,4.56,5.41,NA,5.03,2.420260782347028,0.8900000000000006,Rising,High,Moderate,Moderate + Rising,NA,0.004191666666666667,-0.27000000000000046,TRUE,FALSE,TRUE
2007-03-01,205.288,4.65,5.3,NA,4.94,2.798197295943927,0.2999999999999998,Rising,High,Moderate,Moderate + Rising,NA,0.004116666666666667,0.09000000000000075,TRUE,FALSE,TRUE
2007-04-01,205.904,4.63,5.29,NA,4.87,2.5929247633283525,0.4299999999999997,Rising,High,Moderate,Moderate + Rising,NA,0.004058333333333333,-0.020000000000000462,TRUE,FALSE,TRUE
2007-05-01,206.755,4.9,5.28,NA,4.73,2.709885742672613,0.23000000000000043,Stable,High,Moderate,Moderate + Stable,NA,0.003941666666666667,0.27000000000000046,TRUE,FALSE,TRUE
2007-06-01,207.234,5.03,5.31,NA,4.61,2.692765113974227,0.2599999999999998,Rising,High,Moderate,Moderate + Rising,NA,0.003841666666666667,0.1299999999999999,TRUE,FALSE,TRUE
2007-07-01,207.603,4.78,5.28,NA,4.82,2.3178905864958077,-0.02999999999999936,Stable,High,Moderate,Moderate + Stable,NA,0.004016666666666667,-0.25,TRUE,FALSE,TRUE
2007-08-01,207.667,4.54,4.96,NA,4.2,1.897448478900876,-0.34999999999999964,Falling,High,Moderate,Moderate + Falling,NA,0.0035,-0.2400000000000002,TRUE,FALSE,TRUE
2007-09-01,208.547,4.59,4.58,NA,3.89,2.8338264299802685,-0.7599999999999998,Falling,High,Moderate,Moderate + Falling,NA,0.003241666666666667,0.04999999999999982,TRUE,FALSE,TRUE
2007-10-01,209.19,4.48,4.6,NA,3.9,3.610698365527476,-0.71,Falling,High,High,High + Falling,NA,0.00325,-0.10999999999999943,TRUE,FALSE,TRUE
2007-11-01,210.834,3.97,4.66,NA,3.27,4.373267326732666,-0.6499999999999995,Falling,High,High,High + Falling,NA,0.002725,-0.5100000000000002,TRUE,FALSE,TRUE
2007-12-01,211.445,4.04,3.06,NA,3,4.108813392417532,-2.11,Falling,Mid,High,High + Falling,NA,0.0025,0.06999999999999984,TRUE,FALSE,TRUE
2008-01-01,212.174,3.67,3.22,NA,2.75,4.294695655165981,-2.11,Falling,Mid,High,High + Falling,NA,0.0022916666666666667,-0.3700000000000001,TRUE,FALSE,TRUE
2008-02-01,212.687,3.53,3.01,NA,2.12,4.142959270611968,-2.4000000000000004,Falling,Mid,High,High + Falling,NA,0.0017666666666666666,-0.14000000000000012,TRUE,FALSE,TRUE
2008-03-01,213.448,3.45,2.51,NA,1.26,3.9749035501344343,-2.79,Falling,Mid,High,High + Falling,NA,0.00105,-0.07999999999999963,TRUE,FALSE,TRUE
2008-04-01,213.942,3.77,2.37,NA,1.29,3.9037609759888126,-2.92,Falling,Mid,High,High + Falling,NA,0.001075,0.31999999999999984,TRUE,FALSE,TRUE
2008-05-01,215.208,4.06,1.98,NA,1.73,4.088413823123993,-3.3000000000000003,Falling,Mid,High,High + Falling,NA,0.0014416666666666666,0.2899999999999996,TRUE,FALSE,TRUE
2008-06-01,217.463,3.99,2.47,NA,1.86,4.935966105947864,-2.8399999999999994,Falling,Mid,High,High + Falling,NA,0.0015500000000000002,-0.0699999999999994,TRUE,FALSE,TRUE
2008-07-01,219.016,3.99,2.09,NA,1.63,5.497512078341837,-3.1900000000000004,Falling,Mid,High,High + Falling,NA,0.0013583333333333331,0,TRUE,FALSE,TRUE
2008-08-01,218.69,3.83,1.94,NA,1.72,5.308017162091239,-3.02,Falling,Mid,High,High + Falling,NA,0.0014333333333333333,-0.16000000000000014,TRUE,FALSE,TRUE
2008-09-01,218.877,3.85,2.03,NA,1.13,4.953319875136075,-2.5500000000000003,Falling,Mid,High,High + Falling,NA,9.416666666666666e-4,0.020000000000000018,TRUE,FALSE,TRUE
2008-10-01,216.995,4.01,0.22,NA,0.67,3.7310578899565128,-4.38,Falling,Mid,High,High + Falling,NA,5.583333333333333e-4,0.1599999999999997,TRUE,FALSE,TRUE
2008-11-01,213.153,2.93,0.52,NA,0.19,1.0999174706166848,-4.140000000000001,Falling,Mid,Low,Low + Falling,NA,1.5833333333333332e-4,-1.0799999999999996,TRUE,FALSE,TRUE
2008-12-01,211.398,2.25,0.14,NA,0.03,-0.02222800255385904,-2.92,Falling,Mid,Low,Low + Falling,NA,2.4999999999999998e-5,-0.6800000000000002,TRUE,FALSE,TRUE
2009-01-01,211.933,2.87,0.23,NA,0.13,-0.11358601902212717,-2.99,Falling,Mid,Low,Low + Falling,NA,1.0833333333333333e-4,0.6200000000000001,TRUE,FALSE,TRUE
2009-02-01,212.705,3.02,0.22,NA,0.3,0.008463140671510772,-2.7899999999999996,Falling,Mid,Low,Low + Falling,NA,2.5e-4,0.1499999999999999,TRUE,FALSE,TRUE
2009-03-01,212.495,2.71,0.16,NA,0.21,-0.4464787676623838,-2.3499999999999996,Falling,Mid,Low,Low + Falling,NA,1.75e-4,-0.31000000000000005,TRUE,FALSE,TRUE
2009-04-01,212.709,3.16,0.2,NA,0.16,-0.5763244243767063,-2.17,Falling,Mid,Low,Low + Falling,NA,1.3333333333333334e-4,0.4500000000000002,TRUE,FALSE,TRUE
2009-05-01,213.022,3.47,0.19,NA,0.18,-1.015761495855172,-1.79,Falling,Mid,Low,Low + Falling,NA,1.5e-4,0.31000000000000005,TRUE,FALSE,TRUE
2009-06-01,214.79,3.53,0.22,NA,0.18,-1.2291746182109153,-2.25,Falling,Mid,Low,Low + Falling,NA,1.5e-4,0.05999999999999961,TRUE,FALSE,TRUE
2009-07-01,214.726,3.52,0.18,NA,0.18,-1.9587610037622771,-1.91,Falling,Mid,Low,Low + Falling,NA,1.5e-4,-0.009999999999999787,TRUE,FALSE,TRUE
2009-08-01,215.445,3.4,0.15,NA,0.17,-1.4838355663267633,-1.79,Falling,Mid,Low,Low + Falling,NA,1.4166666666666668e-4,-0.1200000000000001,TRUE,FALSE,TRUE
2009-09-01,215.861,3.31,0.07,NA,0.12,-1.377942862886472,-1.9599999999999997,Falling,Low,Low,Low + Falling,NA,9.999999999999999e-5,-0.08999999999999986,TRUE,FALSE,TRUE
2009-10-01,216.509,3.41,0.11,NA,0.07,-0.22396829420033848,-0.11,Stable,Low,Low,Low + Stable,NA,5.833333333333334e-5,0.10000000000000009,TRUE,FALSE,TRUE
2009-11-01,217.234,3.21,0.13,NA,0.05,1.9145871744709275,-0.39,Falling,Mid,Moderate,Moderate + Falling,NA,4.1666666666666665e-5,-0.20000000000000018,TRUE,FALSE,TRUE
2009-12-01,217.347,3.85,0.05,NA,0.05,2.8141231232083674,-0.09000000000000001,Stable,Low,Moderate,Moderate + Stable,NA,4.1666666666666665e-5,0.6400000000000001,TRUE,FALSE,TRUE
2010-01-01,217.488,3.63,0.12,NA,0.06,2.6211113889767157,-0.11000000000000001,Stable,Mid,Moderate,Moderate + Stable,NA,4.9999999999999996e-5,-0.2200000000000002,TRUE,FALSE,TRUE
2010-02-01,217.281,3.61,0.13,NA,0.11,2.151336357866529,-0.09,Stable,Mid,Moderate,Moderate + Stable,NA,9.166666666666667e-5,-0.020000000000000018,TRUE,FALSE,TRUE
2010-03-01,217.353,3.84,0.09,NA,0.15,2.2861714393279886,-0.07,Stable,Low,Moderate,Moderate + Stable,NA,1.25e-4,0.22999999999999998,TRUE,FALSE,TRUE
2010-04-01,217.403,3.69,0.2,NA,0.16,2.2067707525304403,0,Stable,Mid,Moderate,Moderate + Stable,NA,1.3333333333333334e-4,-0.1499999999999999,TRUE,FALSE,TRUE
2010-05-01,217.29,3.31,0.19,NA,0.16,2.003548929218568,0,Stable,Mid,Moderate,Moderate + Stable,NA,1.3333333333333334e-4,-0.3799999999999999,TRUE,FALSE,TRUE
2010-06-01,217.199,2.97,0.09,NA,0.12,1.1215605940686268,-0.13,Stable,Low,Low,Low + Stable,NA,9.999999999999999e-5,-0.33999999999999986,TRUE,FALSE,TRUE
2010-07-01,217.605,2.94,0.18,NA,0.16,1.3407784804821077,0,Stable,Mid,Low,Low + Stable,NA,1.3333333333333334e-4,-0.03000000000000025,TRUE,FALSE,TRUE
2010-08-01,217.923,2.47,0.21,NA,0.16,1.1501775395112546,0.06,Stable,Mid,Low,Low + Stable,NA,1.3333333333333334e-4,-0.46999999999999975,TRUE,FALSE,TRUE
2010-09-01,218.275,2.53,0.15,NA,0.15,1.1183122472331775,0.07999999999999999,Stable,Mid,Low,Low + Stable,NA,1.25e-4,0.05999999999999961,TRUE,FALSE,TRUE
2010-10-01,219.035,2.63,0.2,NA,0.13,1.1666951489314625,0.09000000000000001,Stable,Mid,Low,Low + Stable,NA,1.0833333333333333e-4,0.10000000000000009,TRUE,FALSE,TRUE
2010-11-01,219.59,2.81,0.2,NA,0.14,1.084544776600338,0.07,Stable,Mid,Low,Low + Stable,NA,1.1666666666666668e-4,0.18000000000000016,TRUE,FALSE,TRUE
2010-12-01,220.472,3.3,0.13,NA,0.14,1.437793022217937,0.08,Stable,Mid,Low,Low + Stable,NA,1.1666666666666668e-4,0.48999999999999977,TRUE,FALSE,TRUE
2011-01-01,221.187,3.42,0.17,NA,0.15,1.7007834915029774,0.05000000000000002,Stable,Mid,Low,Low + Stable,NA,1.25e-4,0.1200000000000001,TRUE,FALSE,TRUE
2011-02-01,221.898,3.42,0.16,NA,0.13,2.124898173333145,0.03,Stable,Mid,Moderate,Moderate + Stable,NA,1.0833333333333333e-4,0,TRUE,FALSE,TRUE
2011-03-01,223.046,3.47,0.1,NA,0.1,2.619241510354109,0.010000000000000009,Stable,Low,Moderate,Moderate + Stable,NA,8.333333333333333e-5,0.050000000000000266,TRUE,FALSE,TRUE
2011-04-01,224.093,3.32,0.09,NA,0.06,3.0772344447868694,-0.11000000000000001,Stable,Low,Moderate,Moderate + Stable,NA,4.9999999999999996e-5,-0.15000000000000036,TRUE,FALSE,TRUE
2011-05-01,224.806,3.05,0.1,NA,0.04,3.4589718808964998,-0.09,Stable,Low,High,High + Stable,NA,3.3333333333333335e-5,-0.27,TRUE,FALSE,TRUE
2011-06-01,224.806,3.18,0.07,NA,0.04,3.5023181506360412,-0.01999999999999999,Stable,Low,High,High + Stable,NA,3.3333333333333335e-5,0.13000000000000034,TRUE,FALSE,TRUE
2011-07-01,225.395,2.82,0.11,NA,0.04,3.5798809769996165,-0.06999999999999999,Stable,Low,High,High + Stable,NA,3.3333333333333335e-5,-0.3600000000000003,TRUE,FALSE,TRUE
2011-08-01,226.106,2.23,0.08,NA,0.02,3.75499603070808,-0.13,Stable,Low,High,High + Stable,NA,1.6666666666666667e-5,-0.5899999999999999,TRUE,FALSE,TRUE
2011-09-01,226.597,1.92,0.06,NA,0.01,3.812621692818685,-0.09,Stable,Low,High,High + Stable,NA,8.333333333333334e-6,-0.31000000000000005,TRUE,FALSE,TRUE
2011-10-01,226.75,2.17,0.09,NA,0.02,3.5222681306640524,-0.11000000000000001,Stable,Low,High,High + Stable,NA,1.6666666666666667e-5,0.25,TRUE,FALSE,TRUE
2011-11-01,227.169,2.08,0.1,NA,0.01,3.451432214581729,-0.1,Stable,Low,High,High + Stable,NA,8.333333333333334e-6,-0.08999999999999986,TRUE,FALSE,TRUE
2011-12-01,227.223,1.89,0.04,NA,0.01,3.062066838419386,-0.09,Stable,Low,Moderate,Moderate + Stable,NA,8.333333333333334e-6,-0.19000000000000017,TRUE,FALSE,TRUE
2012-01-01,227.842,1.83,0.11,NA,0.03,3.0087663379855023,-0.06000000000000001,Stable,Low,Moderate,Moderate + Stable,NA,2.4999999999999998e-5,-0.05999999999999983,TRUE,FALSE,TRUE
2012-02-01,228.329,1.98,0.1,NA,0.09,2.8981784423473878,-0.06,Stable,Low,Moderate,Moderate + Stable,NA,7.5e-5,0.1499999999999999,TRUE,FALSE,TRUE
2012-03-01,228.807,2.23,0.09,NA,0.08,2.5828752813320977,-0.010000000000000009,Stable,Low,Moderate,Moderate + Stable,NA,6.666666666666667e-5,0.25,TRUE,FALSE,TRUE
2012-04-01,229.187,1.95,0.16,NA,0.08,2.2731633741348567,0.07,Stable,Mid,Moderate,Moderate + Stable,NA,6.666666666666667e-5,-0.28,TRUE,FALSE,TRUE
2012-05-01,228.713,1.59,0.16,NA,0.09,1.7379429374660749,0.06,Stable,Mid,Moderate,Moderate + Stable,NA,7.5e-5,-0.3599999999999999,TRUE,FALSE,TRUE
2012-06-01,228.524,1.67,0.09,NA,0.09,1.653870448297634,0.01999999999999999,Stable,Low,Low,Low + Stable,NA,7.5e-5,0.07999999999999985,TRUE,FALSE,TRUE
2012-07-01,228.59,1.51,0.13,NA,0.1,1.4175114798464783,0.020000000000000004,Stable,Mid,Low,Low + Stable,NA,8.333333333333333e-5,-0.15999999999999992,TRUE,FALSE,TRUE
2012-08-01,229.918,1.57,0.13,NA,0.1,1.6859349154821235,0.05,Stable,Mid,Low,Low + Stable,NA,8.333333333333333e-5,0.06000000000000005,TRUE,FALSE,TRUE
2012-09-01,231.015,1.65,0.09,NA,0.11,1.9497168982819613,0.03,Stable,Low,Moderate,Moderate + Stable,NA,9.166666666666667e-5,0.07999999999999985,TRUE,FALSE,TRUE
2012-10-01,231.638,1.72,0.18,NA,0.1,2.1556780595369363,0.09,Stable,Mid,Moderate,Moderate + Stable,NA,8.333333333333333e-5,0.07000000000000006,TRUE,FALSE,TRUE
2012-11-01,231.249,1.62,0.16,NA,0.09,1.7960197033926262,0.06,Stable,Mid,Moderate,Moderate + Stable,NA,7.5e-5,-0.09999999999999987,TRUE,FALSE,TRUE
2012-12-01,231.221,1.78,0.09,NA,0.07,1.7595049796895523,0.049999999999999996,Stable,Low,Moderate,Moderate + Stable,NA,5.833333333333334e-5,0.15999999999999992,TRUE,FALSE,TRUE
2013-01-01,231.679,2.02,0.15,NA,0.07,1.684061762098299,0.039999999999999994,Stable,Mid,Low,Low + Stable,NA,5.833333333333334e-5,0.24,TRUE,FALSE,TRUE
2013-02-01,232.937,1.89,0.14,NA,0.1,2.0181404902574807,0.04000000000000001,Stable,Mid,Moderate,Moderate + Stable,NA,8.333333333333333e-5,-0.13000000000000012,TRUE,FALSE,TRUE
2013-03-01,232.282,1.87,0.09,NA,0.09,1.5187472411246183,0,Stable,Low,Low,Low + Stable,NA,7.5e-5,-0.019999999999999796,TRUE,FALSE,TRUE
2013-04-01,231.797,1.7,0.14,NA,0.06,1.138808047576867,-0.01999999999999999,Stable,Mid,Low,Low + Stable,NA,4.9999999999999996e-5,-0.17000000000000015,TRUE,FALSE,TRUE
2013-05-01,231.893,2.16,0.09,NA,0.04,1.3903888279197085,-0.07,Stable,Low,Low,Low + Stable,NA,3.3333333333333335e-5,0.4600000000000002,TRUE,FALSE,TRUE
2013-06-01,232.445,2.52,0.07,NA,0.05,1.7157935271568725,-0.01999999999999999,Stable,Low,Moderate,Moderate + Stable,NA,4.1666666666666665e-5,0.3599999999999999,TRUE,FALSE,TRUE
2013-07-01,232.9,2.6,0.09,NA,0.04,1.885471805415806,-0.04000000000000001,Stable,Low,Moderate,Moderate + Stable,NA,3.3333333333333335e-5,0.08000000000000007,TRUE,FALSE,TRUE
2013-08-01,233.456,2.78,0.07,NA,0.04,1.538809488600279,-0.06,Stable,Low,Low,Low + Stable,NA,3.3333333333333335e-5,0.17999999999999972,TRUE,FALSE,TRUE
2013-09-01,233.544,2.64,0.06,NA,0.02,1.0947341081747997,-0.03,Stable,Low,Low,Low + Stable,NA,1.6666666666666667e-5,-0.13999999999999968,TRUE,FALSE,TRUE
2013-10-01,233.669,2.57,0.07,NA,0.05,0.8767991434911471,-0.10999999999999999,Stable,Low,Low,Low + Stable,NA,4.1666666666666665e-5,-0.07000000000000028,TRUE,FALSE,TRUE
2013-11-01,234.1,2.75,0.07,NA,0.07,1.2328701961954458,-0.09,Stable,Low,Low,Low + Stable,NA,5.833333333333334e-5,0.18000000000000016,TRUE,FALSE,TRUE
2013-12-01,234.719,3.04,0.07,NA,0.07,1.5128383667573297,-0.01999999999999999,Stable,Low,Low,Low + Stable,NA,5.833333333333334e-5,0.29000000000000004,TRUE,FALSE,TRUE
2014-01-01,235.288,2.67,0.07,NA,0.04,1.557758795574915,-0.07999999999999999,Stable,Low,Low,Low + Stable,NA,3.3333333333333335e-5,-0.3700000000000001,TRUE,FALSE,TRUE
2014-02-01,235.547,2.66,0.06,NA,0.05,1.1204746347724948,-0.08000000000000002,Stable,Low,Low,Low + Stable,NA,4.1666666666666665e-5,-0.009999999999999787,TRUE,FALSE,TRUE
2014-03-01,236.028,2.73,0.06,NA,0.05,1.6126949139408042,-0.03,Stable,Low,Low,Low + Stable,NA,4.1666666666666665e-5,0.06999999999999984,TRUE,FALSE,TRUE
2014-04-01,236.468,2.67,0.09,NA,0.03,2.015125303606169,-0.05000000000000002,Stable,Low,Moderate,Moderate + Stable,NA,2.4999999999999998e-5,-0.06000000000000005,TRUE,FALSE,TRUE
2014-05-01,236.918,2.48,0.08,NA,0.03,2.166947687079812,-0.009999999999999995,Stable,Low,Moderate,Moderate + Stable,NA,2.4999999999999998e-5,-0.18999999999999995,TRUE,FALSE,TRUE
2014-06-01,237.231,2.53,0.09,NA,0.04,2.0589816945944195,0.01999999999999999,Stable,Low,Moderate,Moderate + Stable,NA,3.3333333333333335e-5,0.04999999999999982,TRUE,FALSE,TRUE
2014-07-01,237.498,2.58,0.08,NA,0.03,1.9742378703305974,-0.009999999999999995,Stable,Low,Moderate,Moderate + Stable,NA,2.4999999999999998e-5,0.050000000000000266,TRUE,FALSE,TRUE
2014-08-01,237.46,2.35,0.07,NA,0.03,1.7150983482969062,0,Stable,Low,Moderate,Moderate + Stable,NA,2.4999999999999998e-5,-0.22999999999999998,TRUE,FALSE,TRUE
2014-09-01,237.477,2.52,0.07,NA,0.02,1.6840509711232077,0.010000000000000009,Stable,Low,Low,Low + Stable,NA,1.6666666666666667e-5,0.16999999999999993,TRUE,FALSE,TRUE
2014-10-01,237.43,2.35,0.07,NA,0.02,1.6095417021513292,0,Stable,Low,Low,Low + Stable,NA,1.6666666666666667e-5,-0.16999999999999993,TRUE,FALSE,TRUE
2014-11-01,236.983,2.18,0.08,NA,0.02,1.231524989320798,0.009999999999999995,Stable,Low,Low,Low + Stable,NA,1.6666666666666667e-5,-0.16999999999999993,TRUE,FALSE,TRUE
2014-12-01,236.252,2.17,0.06,NA,0.03,0.6531213919623191,-0.010000000000000009,Stable,Low,Low,Low + Stable,NA,2.4999999999999998e-5,-0.010000000000000231,TRUE,FALSE,TRUE
2015-01-01,234.747,1.68,0.06,NA,0.03,-0.22993097820542818,-0.010000000000000009,Stable,Low,Low,Low + Stable,NA,2.4999999999999998e-5,-0.49,TRUE,FALSE,TRUE
2015-02-01,235.342,2,0.06,NA,0.02,-0.08703146293520536,0,Stable,Low,Low,Low + Stable,NA,1.6666666666666667e-5,0.32000000000000006,TRUE,FALSE,TRUE
2015-03-01,235.976,1.94,0.06,NA,0.03,-0.022031284423873476,0,Stable,Low,Low,Low + Stable,NA,2.4999999999999998e-5,-0.06000000000000005,TRUE,FALSE,TRUE
2015-04-01,236.222,2.05,0.08,NA,0.02,-0.10403098939391064,-0.009999999999999995,Stable,Low,Low,Low + Stable,NA,1.6666666666666667e-5,0.10999999999999988,TRUE,FALSE,TRUE
2015-05-01,237.001,2.12,0.08,NA,0.02,0.03503321824429584,0,Stable,Low,Low,Low + Stable,NA,1.6666666666666667e-5,0.07000000000000028,TRUE,FALSE,TRUE
2015-06-01,237.657,2.35,0.08,NA,0.02,0.1795718097550525,-0.009999999999999995,Stable,Low,Low,Low + Stable,NA,1.6666666666666667e-5,0.22999999999999998,TRUE,FALSE,TRUE
2015-07-01,238.034,2.2,0.08,NA,0.03,0.22568611104094582,0,Stable,Low,Low,Low + Stable,NA,2.4999999999999998e-5,-0.1499999999999999,TRUE,FALSE,TRUE
2015-08-01,238.033,2.21,0.08,NA,0.07,0.2413037985344868,0.009999999999999995,Stable,Low,Low,Low + Stable,NA,5.833333333333334e-5,0.009999999999999787,TRUE,FALSE,TRUE
2015-09-01,237.498,2.06,0.07,NA,0.02,0.008842961634170088,0,Stable,Low,Low,Low + Stable,NA,1.6666666666666667e-5,-0.1499999999999999,TRUE,FALSE,TRUE
2015-10-01,237.733,2.16,0.07,NA,0.02,0.12761656067050708,0,Stable,Low,Low,Low + Stable,NA,1.6666666666666667e-5,0.10000000000000009,TRUE,FALSE,TRUE
2015-11-01,238.017,2.21,0.08,NA,0.12,0.4363182169185187,0,Stable,Low,Low,Low + Stable,NA,9.999999999999999e-5,0.04999999999999982,TRUE,FALSE,TRUE
2015-12-01,237.761,2.27,0.2,2043.94,0.23,0.6387247515364791,0.14,Stable,Mid,Low,Low + Stable,NA,1.9166666666666667e-4,0.06000000000000005,TRUE,FALSE,TRUE
2016-01-01,237.652,1.94,0.29,1940.24,0.26,1.2375025026943876,0.22999999999999998,Stable,Mid,Low,Low + Stable,-0.05206764093935223,2.1666666666666666e-4,-0.33000000000000007,TRUE,TRUE,TRUE
2016-02-01,237.336,1.74,0.29,1932.23,0.31,0.8472775790126619,0.22999999999999998,Stable,Mid,Low,Low + Stable,-0.004136900440057719,2.5833333333333334e-4,-0.19999999999999996,TRUE,TRUE,TRUE
2016-03-01,238.08,1.78,0.25,2059.74,0.29,0.8916160965521946,0.19,Stable,Mid,Low,Low + Stable,0.06390498491988238,2.4166666666666664e-4,0.040000000000000036,TRUE,TRUE,TRUE
2016-04-01,238.992,1.83,0.3,2065.3,0.23,1.1726257503534843,0.21999999999999997,Stable,Mid,Low,Low + Stable,0.0026957330678163125,1.9166666666666667e-4,0.050000000000000044,TRUE,TRUE,TRUE
2016-05-01,239.557,1.84,0.29,2096.96,0.27,1.0784764621246223,0.20999999999999996,Stable,Mid,Low,Low + Stable,0.015213182557527833,2.2500000000000002e-4,0.010000000000000009,TRUE,TRUE,TRUE
2016-06-01,240.222,1.49,0.3,2098.86,0.27,1.0792865347959424,0.21999999999999997,Stable,Mid,Low,Low + Stable,9.056633172390907e-4,2.2500000000000002e-4,-0.3500000000000001,TRUE,TRUE,TRUE
2016-07-01,240.101,1.46,0.3,2173.6,0.3,0.8683633430518256,0.21999999999999997,Stable,Mid,Low,Low + Stable,0.03499043894376667,2.5e-4,-0.030000000000000027,TRUE,TRUE,TRUE
2016-08-01,240.545,1.58,0.3,2170.95,0.3,1.0553158595656864,0.21999999999999997,Stable,Mid,Low,Low + Stable,-0.001219919360414707,2.5e-4,0.1200000000000001,TRUE,TRUE,TRUE
2016-09-01,241.176,1.6,0.29,2168.27,0.29,1.5486446201652182,0.21999999999999997,Stable,Mid,Low,Low + Stable,-0.0012352452011046586,2.4166666666666664e-4,0.020000000000000018,TRUE,TRUE,TRUE
2016-10-01,241.741,1.84,0.31,2126.15,0.33,1.685924966243646,0.24,Stable,Mid,Low,Low + Stable,-0.019616782104688858,2.75e-4,0.24,TRUE,TRUE,TRUE
2016-11-01,242.026,2.37,0.31,2198.81,0.45,1.6843334719788938,0.22999999999999998,Stable,Mid,Low,Low + Stable,0.033603472465471074,3.7500000000000006e-4,0.53,TRUE,TRUE,TRUE
2016-12-01,242.637,2.45,0.55,2238.83,0.51,2.0507989115119862,0.35000000000000003,Rising,Mid,Moderate,Moderate + Rising,0.018037103051757427,4.2500000000000003e-4,0.08000000000000007,TRUE,TRUE,TRUE
2017-01-01,243.618,2.45,0.56,2278.87,0.51,2.5103933482571117,0.2700000000000001,Rising,Mid,Moderate,Moderate + Rising,0.01772629809300964,4.2500000000000003e-4,0,TRUE,TRUE,TRUE
2017-02-01,244.006,2.36,0.57,2363.64,0.52,2.8103616813294208,0.27999999999999997,Rising,Mid,Moderate,Moderate + Rising,0.036523097609435645,4.333333333333333e-4,-0.0900000000000003,TRUE,TRUE,TRUE
2017-03-01,243.892,2.4,0.82,2362.72,0.74,2.44119623655914,0.57,Rising,Mid,Moderate,Moderate + Rising,-3.893059401398051e-4,6.166666666666667e-4,0.040000000000000036,TRUE,TRUE,TRUE
2017-04-01,244.193,2.29,0.83,2384.2,0.8,2.176223471915395,0.53,Rising,Mid,Moderate,Moderate + Rising,0.009050140558437409,6.666666666666666e-4,-0.10999999999999988,TRUE,TRUE,TRUE
2017-05-01,244.004,2.21,0.83,2411.8,0.89,1.8563431667619756,0.54,Rising,Mid,Moderate,Moderate + Rising,0.011509718385591177,7.416666666666666e-4,-0.08000000000000007,TRUE,TRUE,TRUE
2017-06-01,244.163,2.31,1.06,2423.41,0.98,1.640565809959127,0.76,Rising,Mid,Low,Low + Rising,0.004802282553352028,8.166666666666666e-4,0.10000000000000009,TRUE,TRUE,TRUE
2017-07-01,244.243,2.3,1.07,2470.3,1.07,1.7251073506566073,0.77,Rising,Mid,Moderate,Moderate + Rising,0.019163961513693484,8.916666666666668e-4,-0.010000000000000231,TRUE,TRUE,TRUE
2017-08-01,245.183,2.12,1.07,2471.65,1.01,1.92812155729698,0.77,Rising,Mid,Moderate,Moderate + Rising,5.463430563159147e-4,8.416666666666667e-4,-0.17999999999999972,TRUE,TRUE,TRUE
2017-09-01,246.435,2.33,1.06,2519.36,1.03,2.1805652303711787,0.77,Rising,Mid,Moderate,Moderate + Rising,0.01911895720324887,8.583333333333333e-4,0.20999999999999996,TRUE,TRUE,TRUE
2017-10-01,246.626,2.38,1.07,2575.26,1.07,2.020757753132485,0.76,Rising,Mid,Moderate,Moderate + Rising,0.02194559887830511,8.916666666666668e-4,0.04999999999999982,TRUE,TRUE,TRUE
2017-11-01,247.284,2.42,1.07,2647.58,1.23,2.172493864295566,0.76,Rising,Mid,Moderate,Moderate + Rising,0.027695515330648682,0.001025,0.040000000000000036,TRUE,TRUE,TRUE
2017-12-01,247.805,2.4,1.33,2673.61,1.32,2.129930719552253,0.78,Rising,Mid,Moderate,Moderate + Rising,0.009783603904362663,0.0011,-0.020000000000000018,TRUE,TRUE,TRUE
2018-01-01,248.859,2.72,1.34,2823.81,1.41,2.151318868063945,0.78,Rising,Mid,Moderate,Moderate + Rising,0.05465741778702495,0.001175,0.3200000000000003,TRUE,TRUE,TRUE
2018-02-01,249.529,2.87,1.35,2713.83,1.57,2.263468931091861,0.7800000000000001,Rising,Mid,Moderate,Moderate + Rising,-0.0397261156359207,0.0013083333333333334,0.1499999999999999,TRUE,TRUE,TRUE
2018-03-01,249.577,2.74,1.67,2640.87,1.7,2.3309497646499366,0.85,Rising,Mid,Moderate,Moderate + Rising,-0.02725251295379243,0.0014166666666666668,-0.1299999999999999,TRUE,TRUE,TRUE
2018-04-01,250.227,2.95,1.69,2648.05,1.76,2.4709963021052994,0.86,Rising,Mid,Moderate,Moderate + Rising,0.002715111747128934,0.0014666666666666667,0.20999999999999996,TRUE,TRUE,TRUE
2018-05-01,250.792,2.83,1.7,2705.27,1.86,2.781921607842497,0.87,Rising,Mid,Moderate,Moderate + Rising,0.021378202402637565,0.0015500000000000002,-0.1200000000000001,TRUE,TRUE,TRUE
2018-06-01,251.018,2.85,1.91,2718.37,1.9,2.8075506935940187,0.8499999999999999,Rising,Mid,Moderate,Moderate + Rising,0.004830713496801861,0.0015833333333333333,0.020000000000000018,TRUE,TRUE,TRUE
2018-07-01,251.214,2.96,1.91,2816.29,1.96,2.854124785561929,0.8399999999999999,Rising,Mid,Moderate,Moderate + Rising,0.03538797997679926,0.0016333333333333332,0.10999999999999988,TRUE,TRUE,TRUE
2018-08-01,251.663,2.86,1.91,2901.52,2.03,2.6429238568742575,0.8399999999999999,Rising,Mid,Moderate,Moderate + Rising,0.029814321663194848,0.0016916666666666666,-0.10000000000000009,TRUE,TRUE,TRUE
2018-09-01,252.182,3.05,2.18,2913.98,2.13,2.332055105808828,1.12,Rising,Mid,Moderate,Moderate + Rising,0.004285106720321905,0.0017749999999999999,0.18999999999999995,TRUE,TRUE,TRUE
2018-10-01,252.772,3.15,2.2,2711.74,2.25,2.492032470218053,1.1300000000000001,Rising,Mid,Moderate,Moderate + Rising,-0.0719293490556602,0.001875,0.10000000000000009,TRUE,TRUE,TRUE
2018-11-01,252.594,3.01,2.2,2760.17,2.33,2.147328577667773,1.1300000000000001,Rising,Mid,Moderate,Moderate + Rising,0.017701776759294796,0.0019416666666666668,-0.14000000000000012,TRUE,TRUE,TRUE
2018-12-01,252.767,2.69,2.4,2506.85,2.37,2.0023809043401064,1.0699999999999998,Rising,Mid,Moderate,Moderate + Rising,-0.09626528711807607,0.001975,-0.31999999999999984,TRUE,TRUE,TRUE
2019-01-01,252.561,2.63,2.4,2704.1,2.37,1.4875893578291333,1.0599999999999998,Rising,Mid,Low,Low + Rising,0.07574215482837561,0.001975,-0.06000000000000005,TRUE,TRUE,TRUE
2019-02-01,253.319,2.73,2.4,2784.49,2.39,1.5188615351321877,1.0499999999999998,Rising,Mid,Low,Low + Rising,0.029295592986693514,0.0019916666666666668,0.10000000000000009,TRUE,TRUE,TRUE
2019-03-01,254.277,2.41,2.43,2834.4,2.4,1.8831863513063984,0.7600000000000002,Rising,Mid,Moderate,Moderate + Rising,0.017765541837019908,0.002,-0.31999999999999984,TRUE,TRUE,TRUE
2019-04-01,255.233,2.51,2.45,2945.83,2.38,2.000583470209061,0.7600000000000002,Rising,Mid,Moderate,Moderate + Rising,0.03856033644309039,0.001983333333333333,0.09999999999999964,TRUE,TRUE,TRUE
2019-05-01,255.296,2.14,2.4,2752.06,2.35,1.7959105553606136,0.7,Rising,Mid,Moderate,Moderate + Rising,-0.0680408888532043,0.001958333333333333,-0.36999999999999966,TRUE,TRUE,TRUE
2019-06-01,255.213,2,2.4,2941.76,2.17,1.671194894390049,0.49,Rising,Mid,Low,Low + Rising,0.06665831953424144,0.0018083333333333335,-0.14000000000000012,TRUE,TRUE,TRUE
2019-07-01,255.802,2.02,2.4,2980.38,2.1,1.826331335037068,0.49,Rising,Mid,Moderate,Moderate + Rising,0.013042767473010496,0.00175,0.020000000000000018,TRUE,TRUE,TRUE
2019-08-01,256.036,1.5,2.13,2926.46,1.95,1.7376412106666406,0.21999999999999997,Stable,Mid,Moderate,Moderate + Stable,-0.018257307714875135,0.001625,-0.52,TRUE,TRUE,TRUE
2019-09-01,256.43,1.68,1.9,2976.74,1.89,1.6844977040391562,-0.28000000000000025,Falling,Mid,Low,Low + Falling,0.01703524052367768,0.001575,0.17999999999999994,TRUE,TRUE,TRUE
2019-10-01,257.155,1.69,1.58,3037.56,1.65,1.7339736996186295,-0.6200000000000001,Falling,Mid,Moderate,Moderate + Falling,0.020225819582931022,0.0013750000000000001,0.010000000000000009,TRUE,TRUE,TRUE
2019-11-01,257.879,1.78,1.56,3140.98,1.54,2.092290394862917,-0.6400000000000001,Falling,Mid,Moderate,Moderate + Falling,0.033480291579323126,0.0012833333333333334,0.09000000000000008,TRUE,TRUE,TRUE
2019-12-01,258.63,1.92,1.55,3230.78,1.54,2.3195274699624457,-0.8499999999999999,Falling,Mid,Moderate,Moderate + Falling,0.02818874101228944,0.0012833333333333334,0.1399999999999999,TRUE,TRUE,TRUE
2020-01-01,259.127,1.51,1.59,3225.52,1.52,2.599767976845202,-0.8099999999999998,Falling,Mid,Moderate,Moderate + Falling,-0.0016294165896177356,0.0012666666666666666,-0.4099999999999999,TRUE,TRUE,TRUE
2020-02-01,259.25,1.13,1.58,2954.22,1.52,2.3413166797595197,-0.8199999999999998,Falling,Mid,Moderate,Moderate + Falling,-0.08785952093620485,0.0012666666666666666,-0.3800000000000001,TRUE,TRUE,TRUE
2020-03-01,258.076,0.7,0.08,2584.59,0.29,1.4940399642909163,-2.35,Falling,Low,Low,Low + Falling,-0.13366776859296695,2.4166666666666664e-4,-0.42999999999999994,TRUE,TRUE,TRUE
2020-04-01,256.032,0.64,0.05,2912.43,0.14,0.3130472940411133,-2.4000000000000004,Falling,Low,Low,Low + Falling,0.11942089623740584,1.1666666666666668e-4,-0.05999999999999994,TRUE,TRUE,TRUE
2020-05-01,255.802,0.65,0.05,3044.31,0.13,0.1982013035848551,-2.35,Falling,Low,Low,Low + Falling,0.0442864902305306,1.0833333333333333e-4,0.010000000000000009,TRUE,TRUE,TRUE
2020-06-01,257.042,0.66,0.08,3100.29,0.16,0.7166562831830481,-2.32,Falling,Low,Low,Low + Falling,0.018221381004063585,1.3333333333333334e-4,0.010000000000000009,TRUE,TRUE,TRUE
2020-07-01,258.352,0.55,0.1,3271.12,0.13,0.9968647625897997,-2.3,Falling,Low,Low,Low + Falling,0.053636778409248576,1.0833333333333333e-4,-0.10999999999999999,TRUE,TRUE,TRUE
2020-08-01,259.316,0.72,0.09,3500.31,0.1,1.2810698495523853,-2.04,Falling,Low,Low,Low + Falling,0.06771910208965368,8.333333333333333e-5,0.16999999999999993,TRUE,TRUE,TRUE
2020-09-01,259.997,0.69,0.09,3363,0.11,1.3910228912373812,-1.8099999999999998,Falling,Low,Low,Low + Falling,-0.04001810324358949,9.166666666666667e-5,-0.030000000000000027,TRUE,TRUE,TRUE
2020-10-01,260.319,0.88,0.09,3269.96,0.1,1.2303863428671624,-1.49,Falling,Low,Low,Low + Falling,-0.02805568033968923,8.333333333333333e-5,0.19000000000000006,TRUE,TRUE,TRUE
2020-11-01,260.911,0.84,0.09,3621.63,0.09,1.1757452138405844,-1.47,Falling,Low,Low,Low + Falling,0.10214644831840361,7.5e-5,-0.040000000000000036,TRUE,TRUE,TRUE
2020-12-01,262.045,0.93,0.09,3756.07,0.09,1.3204191315779434,-1.46,Falling,Low,Low,Low + Falling,0.03644899728321611,7.5e-5,0.09000000000000008,TRUE,TRUE,TRUE
2021-01-01,262.639,1.11,0.07,3714.24,0.08,1.3553199782346148,-1.52,Falling,Low,Low,Low + Falling,-0.011199116821942242,6.666666666666667e-5,0.18000000000000005,TRUE,TRUE,TRUE
2021-02-01,263.573,1.44,0.07,3811.15,0.04,1.667502410800381,-1.51,Falling,Low,Low,Low + Falling,0.02575689966712559,3.3333333333333335e-5,0.32999999999999985,TRUE,TRUE,TRUE
2021-03-01,264.847,1.74,0.06,3972.89,0.03,2.623645747764214,-0.020000000000000004,Stable,Low,Moderate,Moderate + Stable,0.04156280869744297,2.4999999999999998e-5,0.30000000000000004,TRUE,TRUE,TRUE
2021-04-01,266.625,1.65,0.05,4181.17,0.02,4.137373453318349,0,Stable,Low,High,High + Stable,0.05109732211429392,1.6666666666666667e-5,-0.09000000000000008,TRUE,TRUE,TRUE
2021-05-01,268.404,1.58,0.05,4204.11,0.02,4.9264665639830785,0,Stable,Low,High,High + Stable,0.00547150655202215,1.6666666666666667e-5,-0.06999999999999984,TRUE,TRUE,TRUE
2021-06-01,270.71,1.45,0.08,4297.5,0.04,5.317418943207719,0,Stable,Low,High,High + Stable,0.02197084004586202,3.3333333333333335e-5,-0.13000000000000012,TRUE,TRUE,TRUE
2021-07-01,271.965,1.24,0.07,4395.26,0.05,5.269167647240969,-0.03,Stable,Low,High,High + Stable,0.02249322924674322,4.1666666666666665e-5,-0.20999999999999996,TRUE,TRUE,TRUE
2021-08-01,272.752,1.3,0.06,4522.68,0.05,5.181323173271246,-0.03,Stable,Low,High,High + Stable,0.02857805096868915,4.1666666666666665e-5,0.06000000000000005,TRUE,TRUE,TRUE
2021-09-01,273.942,1.52,0.06,4307.54,0.04,5.363523425270289,-0.03,Stable,Low,High,High + Stable,-0.04873776298462272,3.3333333333333335e-5,0.21999999999999997,TRUE,TRUE,TRUE
2021-10-01,276.528,1.55,0.07,4605.38,0.05,6.226591220771449,-0.01999999999999999,Stable,Low,High,High + Stable,0.06685820979817365,4.1666666666666665e-5,0.030000000000000027,TRUE,TRUE,TRUE
2021-11-01,278.824,1.43,0.07,4567,0.05,6.865559520296194,-0.01999999999999999,Stable,Low,High,High + Stable,-0.0083686511009886,4.1666666666666665e-5,-0.1200000000000001,TRUE,TRUE,TRUE
2021-12-01,280.806,1.52,0.07,4766.18,0.06,7.159457345112474,-0.01999999999999999,Stable,Low,High,High + Stable,0.042688611280446646,4.9999999999999996e-5,0.09000000000000008,TRUE,TRUE,TRUE
2022-01-01,282.542,1.79,0.08,4515.55,0.15,7.578082463000535,0.009999999999999995,Stable,Low,High,High + Stable,-0.05401814986501885,1.25e-4,0.27,TRUE,TRUE,TRUE
2022-02-01,284.525,1.83,0.08,4373.94,0.33,7.949220898953979,0.009999999999999995,Stable,Low,High,High + Stable,-0.0318627908789231,2.75e-4,0.040000000000000036,TRUE,TRUE,TRUE
2022-03-01,287.467,2.32,0.33,4530.41,0.44,8.540780148538584,0.27,Rising,Mid,High,High + Rising,0.035148238386268404,3.6666666666666667e-4,0.48999999999999977,TRUE,TRUE,TRUE
2022-04-01,288.582,2.89,0.33,4131.93,0.76,8.235161744022502,0.28,Rising,Mid,High,High + Rising,-0.09206783296043518,6.333333333333333e-4,0.5700000000000003,TRUE,TRUE,TRUE
2022-05-01,291.299,2.85,0.83,4132.15,0.98,8.530051713089225,0.7799999999999999,Rising,Mid,High,High + Rising,5.3242466203463356e-5,8.166666666666666e-4,-0.040000000000000036,TRUE,TRUE,TRUE
2022-06-01,295.072,2.98,1.58,3785.38,1.49,8.999298141923106,1.5,Rising,Mid,High,High + Rising,-0.0876515744801734,0.0012416666666666667,0.1299999999999999,TRUE,TRUE,TRUE
2022-07-01,294.94,2.67,2.32,4130.29,2.23,8.447778206754553,2.25,Rising,Mid,High,High + Rising,0.08720134427422459,0.0018583333333333334,-0.31000000000000005,TRUE,TRUE,TRUE
2022-08-01,295.162,3.15,2.33,3955,2.63,8.216255059541266,2.27,Rising,Mid,High,High + Rising,-0.04336702120583717,0.002191666666666667,0.48,TRUE,TRUE,TRUE
2022-09-01,296.421,3.83,3.08,3585.62,3.13,8.205751582451759,3.02,Rising,Mid,High,High + Rising,-0.09804919930362435,0.0026083333333333336,0.6800000000000002,TRUE,TRUE,TRUE
2022-10-01,297.979,4.1,3.08,3871.98,3.72,7.757261470809462,3.0100000000000002,Rising,Mid,High,High + Rising,0.07683460219574133,0.0031000000000000003,0.2699999999999996,TRUE,TRUE,TRUE
2022-11-01,298.708,3.68,3.83,4080.11,4.15,7.131380368978291,3.7600000000000002,Rising,High,High,High + Rising,0.052357944725214406,0.0034583333333333337,-0.4199999999999995,TRUE,TRUE,TRUE
2022-12-01,298.808,3.88,4.33,3839.5,4.25,6.410831677385809,4.26,Rising,High,High,High + Rising,-0.060781799048487496,0.003541666666666667,0.19999999999999973,TRUE,TRUE,TRUE
2023-01-01,300.456,3.52,4.33,4076.6,4.54,6.340296309929161,4.25,Rising,High,High,High + Rising,0.05992115787903165,0.0037833333333333334,-0.3599999999999999,TRUE,TRUE,TRUE
2023-02-01,301.476,3.92,4.57,3970.15,4.65,5.957648712766894,4.49,Rising,High,High,High + Rising,-0.02645943030685264,0.0038750000000000004,0.3999999999999999,TRUE,TRUE,TRUE
2023-03-01,301.643,3.48,4.83,4109.31,4.69,4.931348641757127,4.5,Rising,High,High,High + Rising,0.03445125384186044,0.003908333333333334,-0.43999999999999995,TRUE,TRUE,TRUE
2023-04-01,302.858,3.44,4.83,4169.48,4.92,4.946947488062325,4.5,Rising,High,High,High + Rising,0.014536196592679839,0.0041,-0.040000000000000036,TRUE,TRUE,TRUE
2023-05-01,303.316,3.64,5.08,4179.83,5.14,4.125314539356473,4.25,Rising,High,High,High + Rising,0.002479248057984054,0.004283333333333333,0.20000000000000018,TRUE,TRUE,TRUE
2023-06-01,304.099,3.81,5.08,4450.38,5.16,3.0592533347792994,3.5,Rising,High,Moderate,Moderate + Rising,0.06271890993761445,0.0043,0.16999999999999993,TRUE,TRUE,TRUE
2023-07-01,304.615,3.97,5.33,4588.96,5.25,3.28032820234625,3.0100000000000002,Rising,High,High,High + Rising,0.030663933087959953,0.0043749999999999995,0.16000000000000014,TRUE,TRUE,TRUE
2023-08-01,306.138,4.09,5.33,4507.66,5.3,3.7186358677607556,3,Rising,High,High,High + Rising,-0.01787524701848843,0.004416666666666667,0.11999999999999966,TRUE,TRUE,TRUE
2023-09-01,307.374,4.59,5.33,4288.05,5.32,3.6950823322234427,2.25,Rising,High,High,High + Rising,-0.04994608771197091,0.004433333333333333,0.5,TRUE,TRUE,TRUE
2023-10-01,307.653,4.88,5.33,4193.8,5.34,3.2465375076767167,2.25,Rising,High,High,High + Rising,-0.02222483997777142,0.00445,0.29000000000000004,TRUE,TRUE,TRUE
2023-11-01,308.087,4.37,5.33,4567.8,5.27,3.139855644977696,1.5,Rising,High,Moderate,Moderate + Rising,0.08542444438757674,0.004391666666666666,-0.5099999999999998,TRUE,TRUE,TRUE
2023-12-01,308.735,3.88,5.33,4769.83,5.24,3.322200208829762,1,Rising,High,High,High + Rising,0.04327897629406807,0.004366666666666667,-0.4900000000000002,TRUE,TRUE,TRUE
2024-01-01,309.794,3.99,5.33,4845.65,5.22,3.1079425939238847,1,Rising,High,Moderate,Moderate + Rising,0.01577073041880103,0.00435,0.11000000000000032,TRUE,TRUE,TRUE
2024-02-01,311.022,4.25,5.33,5096.27,5.24,3.16642120765831,0.7599999999999998,Rising,High,Moderate,Moderate + Rising,0.05042750432692709,0.004366666666666667,0.2599999999999998,TRUE,TRUE,TRUE
2024-03-01,312.107,4.2,5.33,5254.35,5.24,3.4690014354717524,0.5,Rising,High,High,High + Rising,0.030547405358412088,0.004366666666666667,-0.04999999999999982,TRUE,TRUE,TRUE
2024-04-01,313.016,4.69,5.33,5035.69,5.24,3.3540471111874304,0.5,Rising,High,High,High + Rising,-0.04250574745999363,0.004366666666666667,0.4900000000000002,TRUE,TRUE,TRUE
2024-05-01,313.14,4.51,5.33,5277.51,5.25,3.238866396761142,0.25,Stable,High,High,High + Stable,0.046903838078814306,0.0043749999999999995,-0.1800000000000006,TRUE,TRUE,TRUE
2024-06-01,313.131,4.36,5.33,5460.48,5.24,2.9700853998204435,0.25,Stable,High,Moderate,Moderate + Stable,0.03408230240557078,0.004366666666666667,-0.14999999999999947,TRUE,TRUE,TRUE
2024-07-01,313.566,4.09,5.33,5522.3,5.2,2.9384633061405374,0,Stable,High,Moderate,Moderate + Stable,0.011257742193535576,0.004333333333333334,-0.27000000000000046,TRUE,TRUE,TRUE
2024-08-01,314.131,3.91,5.33,5648.4,5.05,2.6109140322338353,0,Stable,High,Moderate,Moderate + Stable,0.022577879038739614,0.004208333333333333,-0.17999999999999972,TRUE,TRUE,TRUE
2024-09-01,314.851,3.81,4.83,5762.48,4.72,2.432541464144644,-0.5,Falling,High,Moderate,Moderate + Falling,0.01999561838794891,0.003933333333333333,-0.10000000000000009,TRUE,TRUE,TRUE
2024-10-01,315.564,4.28,4.83,5705.45,4.51,2.5714034967967203,-0.5,Falling,High,Moderate,Moderate + Falling,-0.009946079220551969,0.0037583333333333336,0.4700000000000002,TRUE,TRUE,TRUE
2024-11-01,316.449,4.18,4.58,6032.38,4.42,2.7141684004842848,-0.75,Falling,High,Moderate,Moderate + Falling,0.055719767688528744,0.003683333333333333,-0.10000000000000053,TRUE,TRUE,TRUE
2024-12-01,317.603,4.58,4.33,5881.63,4.27,2.872366268806581,-1,Falling,High,Moderate,Moderate + Falling,-0.025307691689834075,0.003558333333333333,0.40000000000000036,TRUE,TRUE,TRUE
2025-01-01,319.086,4.58,4.33,6040.53,4.21,2.999412512831112,-1,Falling,High,Moderate,Moderate + Falling,0.026657822062382253,0.0035083333333333334,0,TRUE,TRUE,TRUE
2025-02-01,319.775,4.24,4.33,5954.5,4.22,2.8142703731568686,-1,Falling,High,Moderate,Moderate + Falling,-0.014344520215520212,0.003516666666666666,-0.33999999999999986,TRUE,TRUE,TRUE
2025-03-01,319.615,4.23,4.33,5611.85,4.2,2.4055852640280317,-1,Falling,High,Moderate,Moderate + Falling,-0.05926680278196916,0.0035,-0.009999999999999787,TRUE,TRUE,TRUE
2025-04-01,320.321,4.17,4.33,5569.06,4.21,2.3337465177498906,-1,Falling,High,Moderate,Moderate + Falling,-0.007654154967354604,0.0035083333333333334,-0.0600000000000005,TRUE,TRUE,TRUE
2025-05-01,320.58,4.41,4.33,5911.69,4.25,2.3759340869898393,-1,Falling,High,Moderate,Moderate + Falling,0.059705468070558924,0.003541666666666667,0.2400000000000002,TRUE,TRUE,TRUE
2025-06-01,321.5,4.24,4.33,6204.95,4.23,2.6726833178446263,-1,Falling,High,Moderate,Moderate + Falling,0.048415614059228305,0.0035250000000000004,-0.16999999999999993,TRUE,TRUE,TRUE
2025-07-01,322.132,4.37,4.33,6339.39,4.25,2.7318012794754543,-1,Falling,High,Moderate,Moderate + Falling,0.021435188702803743,0.003541666666666667,0.1299999999999999,TRUE,TRUE,TRUE
2025-08-01,323.364,4.23,4.33,6460.26,4.12,2.9392196249335534,-1,Falling,High,Moderate,Moderate + Falling,0.0188870153534324,0.0034333333333333334,-0.13999999999999968,TRUE,TRUE,TRUE
2025-09-01,324.368,4.16,4.09,6688.46,3.92,3.022699626172387,-0.7400000000000002,Falling,High,Moderate,Moderate + Falling,0.03471408865886453,0.0032666666666666664,-0.07000000000000028,TRUE,TRUE,TRUE
2025-10-01,NA,4.11,3.86,6840.2,3.82,NA,-0.9700000000000002,Falling,High,NA,NA,0.022433317651589665,0.003183333333333333,-0.04999999999999982,FALSE,TRUE,TRUE
2025-11-01,NA,4.02,3.89,6849.09,3.78,NA,-0.69,Falling,High,NA,NA,0.001298825760831596,0.00315,-0.09000000000000075,FALSE,TRUE,TRUE
2025-12-01,NA,4.14,3.64,6827.41,NA,NA,-0.69,Falling,Mid,NA,NA,-0.003170404439680101,NA,0.1200000000000001,FALSE,TRUE,FALSE
